"Index","rank1","rank2","rank3","rank4"
"GE01","skipped","HALE ROBISON","DARON S. HUGHES","GRANT LUNDBERG"
"GE02","GRANT LUNDBERG","HALE ROBISON","skipped","DARON S. HUGHES"
"GE03","HALE ROBISON","DARON S. HUGHES","GRANT LUNDBERG","skipped"
"GE04","GRANT LUNDBERG","HALE ROBISON","skipped","DARON S. HUGHES"
"GE05","skipped","skipped","skipped","skipped"
"GE06","HALE ROBISON","skipped","DARON S. HUGHES","GRANT LUNDBERG"
"GE07","HALE ROBISON","DARON S. HUGHES","GRANT LUNDBERG","skipped"
"GE08","skipped","skipped","skipped","skipped"
"GE09","DARON S. HUGHES","HALE ROBISON","skipped","GRANT LUNDBERG"
"GE10","GRANT LUNDBERG","HALE ROBISON","DARON S. HUGHES","skipped"
"GE11","DARON S. HUGHES","GRANT LUNDBERG","HALE ROBISON","skipped"
"GE12","HALE ROBISON","skipped","skipped","skipped"
"GE13","DARON S. HUGHES","GRANT LUNDBERG","HALE ROBISON","skipped"
"GE14","GRANT LUNDBERG","HALE ROBISON","skipped","DARON S. HUGHES"
"GE15","HALE ROBISON","GRANT LUNDBERG","skipped","DARON S. HUGHES"
"GE16","DARON S. HUGHES","GRANT LUNDBERG","HALE ROBISON","skipped"
"GE17","GRANT LUNDBERG","DARON S. HUGHES","HALE ROBISON","skipped"
"GE18","HALE ROBISON","GRANT LUNDBERG","skipped","skipped"
"GE19","DARON S. HUGHES","GRANT LUNDBERG","skipped","HALE ROBISON"
"GE20","DARON S. HUGHES","GRANT LUNDBERG","skipped","HALE ROBISON"
"GE21","GRANT LUNDBERG","HALE ROBISON","DARON S. HUGHES","skipped"
"GE22","HALE ROBISON","GRANT LUNDBERG","DARON S. HUGHES","skipped"
"GE23","GRANT LUNDBERG","HALE ROBISON","DARON S. HUGHES","skipped"
"GE24","HALE ROBISON","GRANT LUNDBERG","DARON S. HUGHES","skipped"
"GE25","overvote","skipped","skipped","skipped"
"GE26","HALE ROBISON","GRANT LUNDBERG","skipped","skipped"
"GE27","GRANT LUNDBERG","HALE ROBISON","DARON S. HUGHES","skipped"
"GE28","overvote","skipped","skipped","skipped"
"GE29","DARON S. HUGHES","GRANT LUNDBERG","HALE ROBISON","skipped"
"GE30","HALE ROBISON","GRANT LUNDBERG","skipped","skipped"
"GE31","skipped","DARON S. HUGHES","GRANT LUNDBERG","HALE ROBISON"
"GE32","HALE ROBISON","DARON S. HUGHES","GRANT LUNDBERG","skipped"
"GE33","HALE ROBISON","DARON S. HUGHES","GRANT LUNDBERG","skipped"
"GE34","HALE ROBISON","skipped","skipped","skipped"
"GE35","HALE ROBISON","DARON S. HUGHES","GRANT LUNDBERG","skipped"
"GE36","GRANT LUNDBERG","HALE ROBISON","skipped","DARON S. HUGHES"
"GE37","HALE ROBISON","skipped","DARON S. HUGHES","GRANT LUNDBERG"
"GE38","HALE ROBISON","DARON S. HUGHES","GRANT LUNDBERG","skipped"
"GE39","GRANT LUNDBERG","skipped","skipped","skipped"
"GE40","HALE ROBISON","skipped","DARON S. HUGHES","GRANT LUNDBERG"
"GE41","HALE ROBISON","DARON S. HUGHES","GRANT LUNDBERG","skipped"
"GE42","HALE ROBISON","GRANT LUNDBERG","DARON S. HUGHES","skipped"
"GE43","DARON S. HUGHES","HALE ROBISON","GRANT LUNDBERG","skipped"
"GE44","DARON S. HUGHES","HALE ROBISON","GRANT LUNDBERG","skipped"
"GE45","GRANT LUNDBERG","skipped","skipped","skipped"
"GE46","DARON S. HUGHES","GRANT LUNDBERG","HALE ROBISON","skipped"
"GE47","DARON S. HUGHES","HALE ROBISON","GRANT LUNDBERG","skipped"
"GE48","HALE ROBISON","DARON S. HUGHES","GRANT LUNDBERG","skipped"
"GE49","DARON S. HUGHES","GRANT LUNDBERG","HALE ROBISON","skipped"
"GE50","HALE ROBISON","skipped","DARON S. HUGHES","GRANT LUNDBERG"
"GE51","GRANT LUNDBERG","DARON S. HUGHES","HALE ROBISON","skipped"
"GE52","skipped","GRANT LUNDBERG","DARON S. HUGHES","HALE ROBISON"
"GE53","DARON S. HUGHES","GRANT LUNDBERG","HALE ROBISON","skipped"
"GE54","DARON S. HUGHES","GRANT LUNDBERG","HALE ROBISON","skipped"
"GE55","GRANT LUNDBERG","HALE ROBISON","DARON S. HUGHES","skipped"
"GE56","HALE ROBISON","DARON S. HUGHES","GRANT LUNDBERG","skipped"
"GE57","HALE ROBISON","DARON S. HUGHES","GRANT LUNDBERG","skipped"
"GE58","DARON S. HUGHES","skipped","skipped","skipped"
"GE59","skipped","DARON S. HUGHES","GRANT LUNDBERG","HALE ROBISON"
"GE60","HALE ROBISON","GRANT LUNDBERG","DARON S. HUGHES","skipped"
"GE61","GRANT LUNDBERG","DARON S. HUGHES","skipped","HALE ROBISON"
"GE62","skipped","DARON S. HUGHES","skipped","skipped"
"GE63","GRANT LUNDBERG","HALE ROBISON","DARON S. HUGHES","skipped"
"GE64","HALE ROBISON","GRANT LUNDBERG","DARON S. HUGHES","skipped"
"GE65","DARON S. HUGHES","skipped","skipped","skipped"
"GE66","skipped","DARON S. HUGHES","GRANT LUNDBERG","HALE ROBISON"
"GE67","skipped","GRANT LUNDBERG","HALE ROBISON","DARON S. HUGHES"
"GE68","DARON S. HUGHES","GRANT LUNDBERG","HALE ROBISON","skipped"
"GE69","DARON S. HUGHES","GRANT LUNDBERG","skipped","HALE ROBISON"
"GE70","DARON S. HUGHES","GRANT LUNDBERG","skipped","HALE ROBISON"
"GE71","DARON S. HUGHES","GRANT LUNDBERG","skipped","HALE ROBISON"
"GE72","HALE ROBISON","DARON S. HUGHES","GRANT LUNDBERG","skipped"
"GE73","HALE ROBISON","DARON S. HUGHES","GRANT LUNDBERG","skipped"
"GE74","skipped","HALE ROBISON","DARON S. HUGHES","GRANT LUNDBERG"
"GE75","HALE ROBISON","HALE ROBISON","HALE ROBISON","HALE ROBISON"
"GE76","skipped","GRANT LUNDBERG","HALE ROBISON","DARON S. HUGHES"
"GE77","GRANT LUNDBERG","DARON S. HUGHES","HALE ROBISON","skipped"
"GE78","HALE ROBISON","skipped","DARON S. HUGHES","GRANT LUNDBERG"
"GE79","HALE ROBISON","skipped","GRANT LUNDBERG","DARON S. HUGHES"
"GE80","skipped","DARON S. HUGHES","HALE ROBISON","GRANT LUNDBERG"
"GE81","HALE ROBISON","GRANT LUNDBERG","DARON S. HUGHES","skipped"
"GE82","HALE ROBISON","GRANT LUNDBERG","DARON S. HUGHES","skipped"
"GE83","HALE ROBISON","GRANT LUNDBERG","DARON S. HUGHES","skipped"
"GE84","DARON S. HUGHES","GRANT LUNDBERG","HALE ROBISON","skipped"
"GE85","HALE ROBISON","DARON S. HUGHES","GRANT LUNDBERG","skipped"
"GE86","HALE ROBISON","GRANT LUNDBERG","DARON S. HUGHES","skipped"
"GE87","HALE ROBISON","GRANT LUNDBERG","DARON S. HUGHES","skipped"
"GE88","overvote","skipped","skipped","skipped"
"GE89","GRANT LUNDBERG","HALE ROBISON","DARON S. HUGHES","skipped"
"GE90","HALE ROBISON","DARON S. HUGHES","GRANT LUNDBERG","skipped"
"GE91","skipped","skipped","skipped","skipped"
"GE92","HALE ROBISON","DARON S. HUGHES","GRANT LUNDBERG","skipped"
"GE93","HALE ROBISON","GRANT LUNDBERG","skipped","skipped"
"GE94","skipped","HALE ROBISON","DARON S. HUGHES","GRANT LUNDBERG"
"GE95","skipped","skipped","skipped","skipped"
"GE96","DARON S. HUGHES","GRANT LUNDBERG","HALE ROBISON","skipped"
"GE97","HALE ROBISON","GRANT LUNDBERG","skipped","DARON S. HUGHES"
"GE98","DARON S. HUGHES","HALE ROBISON","skipped","skipped"
"GE99","DARON S. HUGHES","HALE ROBISON","skipped","skipped"
"GE100","HALE ROBISON","skipped","GRANT LUNDBERG","DARON S. HUGHES"
"GE101","DARON S. HUGHES","GRANT LUNDBERG","skipped","skipped"
"GE102","HALE ROBISON","DARON S. HUGHES","skipped","GRANT LUNDBERG"
"GE103","HALE ROBISON","skipped","DARON S. HUGHES","GRANT LUNDBERG"
"GE104","HALE ROBISON","DARON S. HUGHES","GRANT LUNDBERG","skipped"
"GE105","DARON S. HUGHES","skipped","skipped","skipped"
"GE106","GRANT LUNDBERG","DARON S. HUGHES","skipped","skipped"
"GE107","HALE ROBISON","DARON S. HUGHES","GRANT LUNDBERG","skipped"
"GE108","HALE ROBISON","HALE ROBISON","HALE ROBISON","HALE ROBISON"
"GE109","HALE ROBISON","DARON S. HUGHES","skipped","skipped"
"GE110","HALE ROBISON","skipped","GRANT LUNDBERG","DARON S. HUGHES"
"GE111","HALE ROBISON","skipped","DARON S. HUGHES","GRANT LUNDBERG"
"GE112","HALE ROBISON","GRANT LUNDBERG","skipped","skipped"
"GE113","DARON S. HUGHES","GRANT LUNDBERG","HALE ROBISON","skipped"
"GE114","skipped","HALE ROBISON","skipped","skipped"
"GE115","HALE ROBISON","GRANT LUNDBERG","DARON S. HUGHES","skipped"
"GE116","HALE ROBISON","skipped","GRANT LUNDBERG","DARON S. HUGHES"
"GE117","HALE ROBISON","skipped","skipped","skipped"
"GE118","DARON S. HUGHES","skipped","skipped","skipped"
"GE119","HALE ROBISON","GRANT LUNDBERG","DARON S. HUGHES","skipped"
"GE120","HALE ROBISON","skipped","skipped","skipped"
"GE121","HALE ROBISON","skipped","DARON S. HUGHES","GRANT LUNDBERG"
"GE122","skipped","HALE ROBISON","skipped","skipped"
"GE123","HALE ROBISON","skipped","skipped","skipped"
"GE124","HALE ROBISON","skipped","GRANT LUNDBERG","DARON S. HUGHES"
"GE125","DARON S. HUGHES","GRANT LUNDBERG","HALE ROBISON","skipped"
"GE126","HALE ROBISON","DARON S. HUGHES","GRANT LUNDBERG","skipped"
"GE127","GRANT LUNDBERG","skipped","HALE ROBISON","DARON S. HUGHES"
"GE128","DARON S. HUGHES","GRANT LUNDBERG","HALE ROBISON","skipped"
"GE129","DARON S. HUGHES","GRANT LUNDBERG","skipped","skipped"
"GE130","HALE ROBISON","GRANT LUNDBERG","skipped","skipped"
"GE131","HALE ROBISON","GRANT LUNDBERG","DARON S. HUGHES","skipped"
"GE132","HALE ROBISON","GRANT LUNDBERG","DARON S. HUGHES","skipped"
"GE133","DARON S. HUGHES","skipped","GRANT LUNDBERG","HALE ROBISON"
"GE134","DARON S. HUGHES","HALE ROBISON","GRANT LUNDBERG","skipped"
"GE135","HALE ROBISON","DARON S. HUGHES","GRANT LUNDBERG","skipped"
"GE136","DARON S. HUGHES","GRANT LUNDBERG","skipped","HALE ROBISON"
"GE137","GRANT LUNDBERG","HALE ROBISON","DARON S. HUGHES","skipped"
"GE138","HALE ROBISON","DARON S. HUGHES","skipped","GRANT LUNDBERG"
"GE139","HALE ROBISON","GRANT LUNDBERG","DARON S. HUGHES","skipped"
"GE140","HALE ROBISON","GRANT LUNDBERG","DARON S. HUGHES","skipped"
"GE141","GRANT LUNDBERG","HALE ROBISON","DARON S. HUGHES","skipped"
"GE142","HALE ROBISON","GRANT LUNDBERG","DARON S. HUGHES","skipped"
"GE143","HALE ROBISON","DARON S. HUGHES","skipped","skipped"
"GE144","HALE ROBISON","skipped","GRANT LUNDBERG","DARON S. HUGHES"
"GE145","HALE ROBISON","DARON S. HUGHES","GRANT LUNDBERG","skipped"
"GE146","HALE ROBISON","GRANT LUNDBERG","DARON S. HUGHES","skipped"
"GE147","HALE ROBISON","DARON S. HUGHES","GRANT LUNDBERG","skipped"
"GE148","DARON S. HUGHES","skipped","GRANT LUNDBERG","HALE ROBISON"
"GE149","skipped","HALE ROBISON","DARON S. HUGHES","GRANT LUNDBERG"
"GE150","GRANT LUNDBERG","HALE ROBISON","DARON S. HUGHES","skipped"
"GE151","HALE ROBISON","GRANT LUNDBERG","DARON S. HUGHES","skipped"
"GE152","GRANT LUNDBERG","HALE ROBISON","DARON S. HUGHES","skipped"
"GE153","HALE ROBISON","GRANT LUNDBERG","DARON S. HUGHES","skipped"
"GE154","HALE ROBISON","DARON S. HUGHES","GRANT LUNDBERG","skipped"
"GE155","GRANT LUNDBERG","HALE ROBISON","DARON S. HUGHES","skipped"
"GE156","HALE ROBISON","GRANT LUNDBERG","DARON S. HUGHES","skipped"
"GE157","HALE ROBISON","DARON S. HUGHES","skipped","skipped"
"GE158","HALE ROBISON","GRANT LUNDBERG","skipped","DARON S. HUGHES"
"GE159","GRANT LUNDBERG","HALE ROBISON","DARON S. HUGHES","skipped"
"GE160","DARON S. HUGHES","skipped","skipped","skipped"
"GE161","GRANT LUNDBERG","skipped","DARON S. HUGHES","HALE ROBISON"
"GE162","DARON S. HUGHES","GRANT LUNDBERG","HALE ROBISON","skipped"
"GE163","DARON S. HUGHES","skipped","skipped","skipped"
"GE164","GRANT LUNDBERG","skipped","DARON S. HUGHES","HALE ROBISON"
"GE165","DARON S. HUGHES","skipped","skipped","skipped"
"GE166","HALE ROBISON","GRANT LUNDBERG","DARON S. HUGHES","skipped"
"GE167","HALE ROBISON","GRANT LUNDBERG","DARON S. HUGHES","skipped"
"GE168","HALE ROBISON","GRANT LUNDBERG","DARON S. HUGHES","skipped"
"GE169","GRANT LUNDBERG","HALE ROBISON","DARON S. HUGHES","skipped"
"GE170","DARON S. HUGHES","HALE ROBISON","GRANT LUNDBERG","skipped"
"GE171","HALE ROBISON","GRANT LUNDBERG","skipped","skipped"
"GE172","GRANT LUNDBERG","DARON S. HUGHES","skipped","HALE ROBISON"
"GE173","DARON S. HUGHES","GRANT LUNDBERG","HALE ROBISON","skipped"
"GE174","DARON S. HUGHES","GRANT LUNDBERG","HALE ROBISON","skipped"
"GE175","GRANT LUNDBERG","HALE ROBISON","skipped","skipped"
"GE176","DARON S. HUGHES","GRANT LUNDBERG","HALE ROBISON","skipped"
"GE177","HALE ROBISON","DARON S. HUGHES","GRANT LUNDBERG","skipped"
"GE178","HALE ROBISON","GRANT LUNDBERG","DARON S. HUGHES","skipped"
"GE179","DARON S. HUGHES","skipped","skipped","skipped"
"GE180","HALE ROBISON","DARON S. HUGHES","GRANT LUNDBERG","skipped"
"GE181","skipped","HALE ROBISON","DARON S. HUGHES","GRANT LUNDBERG"
"GE182","skipped","HALE ROBISON","DARON S. HUGHES","GRANT LUNDBERG"
"GE183","DARON S. HUGHES","GRANT LUNDBERG","HALE ROBISON","skipped"
"GE184","HALE ROBISON","DARON S. HUGHES","GRANT LUNDBERG","skipped"
"GE185","DARON S. HUGHES","HALE ROBISON","GRANT LUNDBERG","skipped"
"GE186","GRANT LUNDBERG","HALE ROBISON","DARON S. HUGHES","skipped"
"GE187","GRANT LUNDBERG","HALE ROBISON","skipped","DARON S. HUGHES"
"GE188","DARON S. HUGHES","skipped","HALE ROBISON","GRANT LUNDBERG"
"GE189","DARON S. HUGHES","skipped","HALE ROBISON","GRANT LUNDBERG"
"GE190","skipped","DARON S. HUGHES","GRANT LUNDBERG","HALE ROBISON"
"GE191","skipped","DARON S. HUGHES","skipped","skipped"
"GE192","DARON S. HUGHES","GRANT LUNDBERG","skipped","skipped"
"GE193","HALE ROBISON","skipped","skipped","skipped"
"GE194","skipped","DARON S. HUGHES","GRANT LUNDBERG","HALE ROBISON"
"GE195","HALE ROBISON","skipped","skipped","skipped"
"GE196","GRANT LUNDBERG","DARON S. HUGHES","skipped","HALE ROBISON"
"GE197","GRANT LUNDBERG","HALE ROBISON","skipped","DARON S. HUGHES"
"GE198","HALE ROBISON","skipped","skipped","skipped"
"GE199","HALE ROBISON","skipped","DARON S. HUGHES","GRANT LUNDBERG"
"GE200","skipped","DARON S. HUGHES","GRANT LUNDBERG","HALE ROBISON"
"GE201","skipped","GRANT LUNDBERG","HALE ROBISON","DARON S. HUGHES"
"GE202","skipped","DARON S. HUGHES","GRANT LUNDBERG","HALE ROBISON"
"GE203","HALE ROBISON","skipped","DARON S. HUGHES","GRANT LUNDBERG"
"GE204","GRANT LUNDBERG","DARON S. HUGHES","HALE ROBISON","skipped"
"GE205","HALE ROBISON","skipped","DARON S. HUGHES","GRANT LUNDBERG"
"GE206","HALE ROBISON","DARON S. HUGHES","GRANT LUNDBERG","skipped"
"GE207","DARON S. HUGHES","GRANT LUNDBERG","skipped","HALE ROBISON"
"GE208","DARON S. HUGHES","HALE ROBISON","GRANT LUNDBERG","skipped"
"GE209","HALE ROBISON","DARON S. HUGHES","GRANT LUNDBERG","skipped"
"GE210","HALE ROBISON","DARON S. HUGHES","skipped","skipped"
"GE211","HALE ROBISON","GRANT LUNDBERG","DARON S. HUGHES","skipped"
"GE212","DARON S. HUGHES","GRANT LUNDBERG","HALE ROBISON","skipped"
"GE213","GRANT LUNDBERG","HALE ROBISON","skipped","DARON S. HUGHES"
"GE214","overvote","HALE ROBISON","skipped","skipped"
"GE215","GRANT LUNDBERG","HALE ROBISON","skipped","DARON S. HUGHES"
"GE216","HALE ROBISON","GRANT LUNDBERG","DARON S. HUGHES","skipped"
"GE217","HALE ROBISON","GRANT LUNDBERG","DARON S. HUGHES","skipped"
"GE218","DARON S. HUGHES","GRANT LUNDBERG","HALE ROBISON","skipped"
"GE219","HALE ROBISON","DARON S. HUGHES","GRANT LUNDBERG","skipped"
"GE220","HALE ROBISON","GRANT LUNDBERG","DARON S. HUGHES","skipped"
"GE221","DARON S. HUGHES","GRANT LUNDBERG","skipped","skipped"
"GE222","GRANT LUNDBERG","HALE ROBISON","DARON S. HUGHES","skipped"
"GE223","skipped","DARON S. HUGHES","GRANT LUNDBERG","HALE ROBISON"
"GE224","skipped","DARON S. HUGHES","HALE ROBISON","GRANT LUNDBERG"
"GE225","DARON S. HUGHES","skipped","skipped","skipped"
"GE226","HALE ROBISON","skipped","DARON S. HUGHES","GRANT LUNDBERG"
"GE227","HALE ROBISON","DARON S. HUGHES","skipped","GRANT LUNDBERG"
"GE228","GRANT LUNDBERG","HALE ROBISON","DARON S. HUGHES","skipped"
"GE229","skipped","skipped","skipped","skipped"
"GE230","GRANT LUNDBERG","HALE ROBISON","DARON S. HUGHES","skipped"
"GE231","skipped","skipped","skipped","skipped"
"GE232","HALE ROBISON","DARON S. HUGHES","skipped","GRANT LUNDBERG"
"GE233","HALE ROBISON","GRANT LUNDBERG","DARON S. HUGHES","skipped"
"GE234","HALE ROBISON","DARON S. HUGHES","skipped","GRANT LUNDBERG"
"GE235","HALE ROBISON","GRANT LUNDBERG","DARON S. HUGHES","skipped"
"GE236","HALE ROBISON","DARON S. HUGHES","skipped","GRANT LUNDBERG"
"GE237","HALE ROBISON","skipped","skipped","skipped"
"GE238","DARON S. HUGHES","skipped","skipped","skipped"
"GE239","DARON S. HUGHES","skipped","skipped","skipped"
"GE240","GRANT LUNDBERG","skipped","HALE ROBISON","DARON S. HUGHES"
"GE241","GRANT LUNDBERG","DARON S. HUGHES","skipped","HALE ROBISON"
"GE242","DARON S. HUGHES","GRANT LUNDBERG","DARON S. HUGHES","HALE ROBISON"
"GE243","GRANT LUNDBERG","DARON S. HUGHES","skipped","HALE ROBISON"
"GE244","GRANT LUNDBERG","HALE ROBISON","DARON S. HUGHES","skipped"
"GE245","GRANT LUNDBERG","HALE ROBISON","DARON S. HUGHES","skipped"
"GE246","HALE ROBISON","DARON S. HUGHES","GRANT LUNDBERG","skipped"
"GE247","HALE ROBISON","GRANT LUNDBERG","skipped","DARON S. HUGHES"
"GE248","HALE ROBISON","GRANT LUNDBERG","DARON S. HUGHES","skipped"
"GE249","HALE ROBISON","GRANT LUNDBERG","DARON S. HUGHES","skipped"
"GE250","skipped","HALE ROBISON","DARON S. HUGHES","GRANT LUNDBERG"
"GE251","skipped","DARON S. HUGHES","HALE ROBISON","GRANT LUNDBERG"
"GE252","HALE ROBISON","GRANT LUNDBERG","DARON S. HUGHES","skipped"
"GE253","skipped","skipped","skipped","skipped"
"GE254","GRANT LUNDBERG","HALE ROBISON","DARON S. HUGHES","skipped"
"GE255","HALE ROBISON","GRANT LUNDBERG","skipped","skipped"
"GE256","HALE ROBISON","GRANT LUNDBERG","skipped","DARON S. HUGHES"
"GE257","HALE ROBISON","GRANT LUNDBERG","skipped","skipped"
"GE258","HALE ROBISON","DARON S. HUGHES","skipped","GRANT LUNDBERG"
"GE259","HALE ROBISON","GRANT LUNDBERG","DARON S. HUGHES","skipped"
"GE260","DARON S. HUGHES","HALE ROBISON","GRANT LUNDBERG","skipped"
"GE261","HALE ROBISON","DARON S. HUGHES","DARON S. HUGHES","DARON S. HUGHES"
"GE262","HALE ROBISON","GRANT LUNDBERG","skipped","DARON S. HUGHES"
"GE263","HALE ROBISON","GRANT LUNDBERG","skipped","DARON S. HUGHES"
"GE264","HALE ROBISON","skipped","GRANT LUNDBERG","DARON S. HUGHES"
"GE265","GRANT LUNDBERG","HALE ROBISON","skipped","DARON S. HUGHES"
"GE266","GRANT LUNDBERG","HALE ROBISON","DARON S. HUGHES","skipped"
"GE267","HALE ROBISON","DARON S. HUGHES","skipped","skipped"
"GE268","skipped","HALE ROBISON","DARON S. HUGHES","GRANT LUNDBERG"
"GE269","GRANT LUNDBERG","skipped","skipped","skipped"
"GE270","HALE ROBISON","GRANT LUNDBERG","skipped","DARON S. HUGHES"
"GE271","GRANT LUNDBERG","skipped","skipped","skipped"
"GE272","HALE ROBISON","GRANT LUNDBERG","DARON S. HUGHES","skipped"
"GE273","DARON S. HUGHES","HALE ROBISON","GRANT LUNDBERG","skipped"
"GE274","HALE ROBISON","GRANT LUNDBERG","DARON S. HUGHES","skipped"
"GE275","overvote","skipped","skipped","skipped"
"GE276","GRANT LUNDBERG","HALE ROBISON","skipped","DARON S. HUGHES"
"GE277","GRANT LUNDBERG","DARON S. HUGHES","skipped","HALE ROBISON"
"GE278","GRANT LUNDBERG","DARON S. HUGHES","HALE ROBISON","skipped"
"GE279","overvote","skipped","skipped","skipped"
"GE280","HALE ROBISON","skipped","GRANT LUNDBERG","DARON S. HUGHES"
"GE281","HALE ROBISON","GRANT LUNDBERG","skipped","skipped"
"GE282","HALE ROBISON","GRANT LUNDBERG","DARON S. HUGHES","skipped"
"GE283","DARON S. HUGHES","GRANT LUNDBERG","HALE ROBISON","skipped"
"GE284","HALE ROBISON","GRANT LUNDBERG","skipped","skipped"
"GE285","DARON S. HUGHES","HALE ROBISON","GRANT LUNDBERG","skipped"
"GE286","GRANT LUNDBERG","HALE ROBISON","DARON S. HUGHES","skipped"
"GE287","skipped","HALE ROBISON","DARON S. HUGHES","GRANT LUNDBERG"
"GE288","HALE ROBISON","HALE ROBISON","HALE ROBISON","HALE ROBISON"
"GE289","skipped","HALE ROBISON","DARON S. HUGHES","GRANT LUNDBERG"
"GE290","HALE ROBISON","GRANT LUNDBERG","DARON S. HUGHES","skipped"
"GE291","HALE ROBISON","skipped","GRANT LUNDBERG","DARON S. HUGHES"
"GE292","HALE ROBISON","GRANT LUNDBERG","skipped","skipped"
"GE293","skipped","DARON S. HUGHES","GRANT LUNDBERG","HALE ROBISON"
"GE294","HALE ROBISON","GRANT LUNDBERG","skipped","DARON S. HUGHES"
"GE295","skipped","DARON S. HUGHES","GRANT LUNDBERG","HALE ROBISON"
"GE296","HALE ROBISON","DARON S. HUGHES","GRANT LUNDBERG","skipped"
"GE297","HALE ROBISON","GRANT LUNDBERG","skipped","skipped"
"GE298","HALE ROBISON","DARON S. HUGHES","skipped","skipped"
"GE299","HALE ROBISON","skipped","DARON S. HUGHES","GRANT LUNDBERG"
"GE300","HALE ROBISON","DARON S. HUGHES","skipped","skipped"
"GE301","HALE ROBISON","skipped","DARON S. HUGHES","GRANT LUNDBERG"
"GE302","HALE ROBISON","skipped","GRANT LUNDBERG","DARON S. HUGHES"
"GE303","GRANT LUNDBERG","HALE ROBISON","skipped","DARON S. HUGHES"
"GE304","skipped","skipped","skipped","skipped"
"GE305","GRANT LUNDBERG","HALE ROBISON","DARON S. HUGHES","skipped"
"GE306","GRANT LUNDBERG","DARON S. HUGHES","HALE ROBISON","skipped"
"GE307","DARON S. HUGHES","GRANT LUNDBERG","HALE ROBISON","skipped"
"GE308","DARON S. HUGHES","HALE ROBISON","GRANT LUNDBERG","skipped"
"GE309","GRANT LUNDBERG","HALE ROBISON","DARON S. HUGHES","skipped"
"GE310","GRANT LUNDBERG","HALE ROBISON","DARON S. HUGHES","skipped"
"GE311","DARON S. HUGHES","skipped","HALE ROBISON","GRANT LUNDBERG"
"GE312","GRANT LUNDBERG","HALE ROBISON","DARON S. HUGHES","skipped"
"GE313","DARON S. HUGHES","HALE ROBISON","skipped","GRANT LUNDBERG"
"GE314","DARON S. HUGHES","GRANT LUNDBERG","skipped","skipped"
"GE315","DARON S. HUGHES","GRANT LUNDBERG","HALE ROBISON","skipped"
"GE316","GRANT LUNDBERG","skipped","HALE ROBISON","DARON S. HUGHES"
"GE317","GRANT LUNDBERG","HALE ROBISON","DARON S. HUGHES","skipped"
"GE318","DARON S. HUGHES","GRANT LUNDBERG","HALE ROBISON","skipped"
"GE319","HALE ROBISON","GRANT LUNDBERG","DARON S. HUGHES","skipped"
"GE320","HALE ROBISON","GRANT LUNDBERG","DARON S. HUGHES","skipped"
"GE321","HALE ROBISON","skipped","skipped","skipped"
"GE322","HALE ROBISON","GRANT LUNDBERG","DARON S. HUGHES","skipped"
"GE323","DARON S. HUGHES","GRANT LUNDBERG","HALE ROBISON","skipped"
"GE324","skipped","DARON S. HUGHES","HALE ROBISON","GRANT LUNDBERG"
"GE325","DARON S. HUGHES","GRANT LUNDBERG","HALE ROBISON","skipped"
"GE326","HALE ROBISON","DARON S. HUGHES","skipped","GRANT LUNDBERG"
"GE327","HALE ROBISON","DARON S. HUGHES","GRANT LUNDBERG","skipped"
"GE328","skipped","GRANT LUNDBERG","HALE ROBISON","DARON S. HUGHES"
"GE329","HALE ROBISON","GRANT LUNDBERG","skipped","DARON S. HUGHES"
"GE330","skipped","GRANT LUNDBERG","HALE ROBISON","DARON S. HUGHES"
"GE331","HALE ROBISON","DARON S. HUGHES","skipped","GRANT LUNDBERG"
"GE332","skipped","GRANT LUNDBERG","DARON S. HUGHES","HALE ROBISON"
"GE333","GRANT LUNDBERG","HALE ROBISON","DARON S. HUGHES","skipped"
"GE334","GRANT LUNDBERG","HALE ROBISON","DARON S. HUGHES","skipped"
"GE335","GRANT LUNDBERG","HALE ROBISON","DARON S. HUGHES","skipped"
"GE336","GRANT LUNDBERG","HALE ROBISON","DARON S. HUGHES","skipped"
"GE337","HALE ROBISON","GRANT LUNDBERG","DARON S. HUGHES","skipped"
"GE338","HALE ROBISON","skipped","DARON S. HUGHES","GRANT LUNDBERG"
"GE339","HALE ROBISON","GRANT LUNDBERG","DARON S. HUGHES","skipped"
"GE340","HALE ROBISON","skipped","GRANT LUNDBERG","DARON S. HUGHES"
"GE341","GRANT LUNDBERG","DARON S. HUGHES","HALE ROBISON","skipped"
"GE342","HALE ROBISON","GRANT LUNDBERG","skipped","DARON S. HUGHES"
"GE343","HALE ROBISON","DARON S. HUGHES","GRANT LUNDBERG","skipped"
"GE344","HALE ROBISON","DARON S. HUGHES","GRANT LUNDBERG","skipped"
"GE345","DARON S. HUGHES","GRANT LUNDBERG","HALE ROBISON","skipped"
"GE346","HALE ROBISON","skipped","GRANT LUNDBERG","DARON S. HUGHES"
"GE347","DARON S. HUGHES","GRANT LUNDBERG","HALE ROBISON","skipped"
"GE348","HALE ROBISON","GRANT LUNDBERG","skipped","DARON S. HUGHES"
"GE349","GRANT LUNDBERG","HALE ROBISON","DARON S. HUGHES","skipped"
"GE350","HALE ROBISON","DARON S. HUGHES","GRANT LUNDBERG","skipped"
"GE351","HALE ROBISON","DARON S. HUGHES","skipped","GRANT LUNDBERG"
"GE352","skipped","HALE ROBISON","DARON S. HUGHES","GRANT LUNDBERG"
"GE353","HALE ROBISON","GRANT LUNDBERG","DARON S. HUGHES","skipped"
"GE354","skipped","HALE ROBISON","DARON S. HUGHES","GRANT LUNDBERG"
"GE355","HALE ROBISON","GRANT LUNDBERG","DARON S. HUGHES","skipped"
"GE356","GRANT LUNDBERG","DARON S. HUGHES","HALE ROBISON","skipped"
"GE357","GRANT LUNDBERG","HALE ROBISON","DARON S. HUGHES","skipped"
"GE358","GRANT LUNDBERG","HALE ROBISON","DARON S. HUGHES","skipped"
"GE359","HALE ROBISON","GRANT LUNDBERG","DARON S. HUGHES","skipped"
"GE360","HALE ROBISON","skipped","GRANT LUNDBERG","DARON S. HUGHES"
"GE361","skipped","skipped","skipped","skipped"
"GE362","skipped","HALE ROBISON","DARON S. HUGHES","GRANT LUNDBERG"
"GE363","DARON S. HUGHES","GRANT LUNDBERG","HALE ROBISON","skipped"
"GE364","GRANT LUNDBERG","DARON S. HUGHES","skipped","HALE ROBISON"
"GE365","HALE ROBISON","GRANT LUNDBERG","DARON S. HUGHES","skipped"
"GE366","GRANT LUNDBERG","DARON S. HUGHES","HALE ROBISON","skipped"
"GE367","GRANT LUNDBERG","DARON S. HUGHES","skipped","skipped"
"GE368","HALE ROBISON","GRANT LUNDBERG","DARON S. HUGHES","skipped"
"GE369","DARON S. HUGHES","GRANT LUNDBERG","HALE ROBISON","skipped"
"GE370","GRANT LUNDBERG","HALE ROBISON","DARON S. HUGHES","skipped"
"GE371","HALE ROBISON","GRANT LUNDBERG","DARON S. HUGHES","skipped"
"GE372","HALE ROBISON","DARON S. HUGHES","GRANT LUNDBERG","skipped"
"GE373","HALE ROBISON","DARON S. HUGHES","skipped","GRANT LUNDBERG"
"GE374","HALE ROBISON","DARON S. HUGHES","skipped","GRANT LUNDBERG"
"GE375","HALE ROBISON","GRANT LUNDBERG","DARON S. HUGHES","skipped"
"GE376","skipped","HALE ROBISON","DARON S. HUGHES","GRANT LUNDBERG"
"GE377","HALE ROBISON","DARON S. HUGHES","GRANT LUNDBERG","skipped"
"GE378","DARON S. HUGHES","GRANT LUNDBERG","HALE ROBISON","skipped"
"GE379","HALE ROBISON","GRANT LUNDBERG","DARON S. HUGHES","skipped"
"GE380","GRANT LUNDBERG","HALE ROBISON","skipped","DARON S. HUGHES"
"GE381","GRANT LUNDBERG","HALE ROBISON","DARON S. HUGHES","skipped"
"GE382","HALE ROBISON","GRANT LUNDBERG","DARON S. HUGHES","skipped"
"GE383","HALE ROBISON","GRANT LUNDBERG","DARON S. HUGHES","skipped"
"GE384","HALE ROBISON","GRANT LUNDBERG","DARON S. HUGHES","skipped"
"GE385","HALE ROBISON","DARON S. HUGHES","DARON S. HUGHES","GRANT LUNDBERG"
"GE386","GRANT LUNDBERG","skipped","DARON S. HUGHES","HALE ROBISON"
"GE387","GRANT LUNDBERG","HALE ROBISON","skipped","DARON S. HUGHES"
"GE388","HALE ROBISON","GRANT LUNDBERG","skipped","DARON S. HUGHES"
"GE389","GRANT LUNDBERG","HALE ROBISON","DARON S. HUGHES","skipped"
"GE390","GRANT LUNDBERG","DARON S. HUGHES","HALE ROBISON","skipped"
"GE391","HALE ROBISON","GRANT LUNDBERG","DARON S. HUGHES","skipped"
"GE392","skipped","DARON S. HUGHES","GRANT LUNDBERG","HALE ROBISON"
"GE393","skipped","HALE ROBISON","GRANT LUNDBERG","skipped"
